V1,V2,V3,V4,V5,V6
67285.4664024839,67272.0120000839,67269.9938397239,67288.830675804,67291.5206817479,67268.6413359226
30526.7168810469,30526.4116077726,30531.9063740882,30522.1382092726,30522.4434214983,30520.0017236925
154640.099413247,154624.644676148,154624.644676148,154828.591011308,154813.105055016,154840.980086062
182442.786115113,181852.620731213,182140.55438737,181543.285241173,182913.006582695,181594.132724208
53290.6546495481,53282.6628893212,53282.6637417245,53279.9997150985,53275.7377519737,53292.7862970505
18199.6246812403,18199.2606996661,18194.7125308675,18199.078708879,18198.8967180919,18194.7125308675
152935.171988807,152956.579182495,152955.049616703,152504.08259678,152499.514455685,152376.03989453
276439.203244286,276574.532715378,276367.333916309,276124.105230421,276383.920931868,276367.333916309
24923.672448206,24938.6456110309,24938.6456110309,24929.901634823,24929.1537676887,24928.9044786439
194774.578637115,194819.381913291,194860.290438124,194858.341893676,194817.433758435,194844.70208254
36438.871047589,36441.0582983922,36437.4122242772,36435.5904265379,36437.4122242772,36433.4027018778
31648.6239438728,31641.0258619919,31639.6169237585,31645.4584483793,31646.4078406145,31642.6093853083
217377.196390752,217440.346040614,217309.829626424,217296.79042816,217359.81238672,217283.752751111
60944.9448851706,60946.1637840683,60940.0697770906,60930.9291322572,60949.8197494952,60947.382682966
79699.8787924722,79721.394723511,79724.3767918379,79432.6543053156,79431.0656045685,79432.6543053156
22010.8019782266,22011.9025513427,22011.6824367195,22013.442891557,22011.2422074731,22009.9218938538
331186.797260911,330848.993417612,333856.832052579,331087.480948258,331550.626019597,331339.037384115
88683.5426527132,88656.9322678404,88697.7349998951,88653.3861323951,88670.2389681383,88635.1676176262
42202.5316217721,42178.0644129645,42193.6725662324,42190.7196883324,42180.5951980607,42175.9549613607
132875.524783444,132850.276120797,132891.476119965,132867.552570846,132836.985777047,132874.196081344
336813.709813545,336479.486723915,336523.247000479,337147.93952034,336877.737442665,338951.393439983
93170.3785901456,93154.5409300401,93152.6778951126,93107.0279497239,93104.9418117876,93117.2753871138
246201.254819134,246126.239705378,245819.839312357,245941.705800332,246206.1790412,246161.846265513
259163.304577667,258956.175879955,259359.951071665,258798.26071231,260120.87030691,258715.319819769
128948.368596749,128967.712915421,128929.022601546,128969.002553861,128961.264723221,128938.051231301
85757.8099575101,85760.3856430196,85783.5475955526,85753.5221527683,85754.3797137167,85730.7517430384
496847.073107594,496747.733494857,498449.625312342,497908.752573666,498175.612781641,498170.631224776
59717.9792429695,59732.90933496,59721.5620828522,59717.3820631771,59717.9792429695,59719.7707823468
140491.541446613,140517.905206205,140367.969608302,140487.33293516,140464.861843122,140352.723963344
137993.934284163,137995.314292506,138032.583628562,138003.594342566,138102.987797335,138073.997545042
54908.0810738483,54905.8847286419,54908.6795829038,54903.6932659094,54903.6932659094,54908.6795829038
200745.736723751,200693.565665748,200729.686575362,200627.355668651,200637.38844095,200649.42680464
211470.70474386,211532.056084819,211527.825570613,212128.462340426,212384.556737912,212228.186374967
54615.7287750697,54662.1467668581,54612.9994355326,54606.9931631596,54637.022122581,54612.4533164606
59782.1176711559,59780.3242434943,59782.1176711559,59825.6857850438,59831.0706651638,59829.2758048383
212767.351274975,212684.371114373,212543.172288242,212985.172811731,213006.469199373,212934.059309093
24406.3259153946,24406.0818692186,24398.2764891064,24404.1294998113,24404.1294998113,24398.0325161004
30039.1589400493,30038.5594899737,30046.1553119011,30052.7673775801,30054.5707720447,30047.0574298974
80521.4783073599,80539.1981875086,80544.0310871199,80545.6419999599,80544.8365435399,80545.6419999599
117779.079659535,117774.368731895,117776.724195715,117781.434770035,117790.857567501,117781.434770035
56068.0279619752,56093.2709156948,56086.4944522716,56075.3197787023,56075.3197787023,56076.4039495265
32841.2080509591,32845.808252038,32841.855015659,32842.5216992811,32839.5659905566,32838.2500088754
78692.7232315203,78684.0694943124,78683.2826693539,78701.3771260618,78688.7887133943,78687.2149061439
141854.948032824,141880.484278504,141879.065487849,141877.646697194,141886.15731315,141870.553595109
18239.0073014673,18252.5136212943,18242.2928050241,18243.0225113305,18239.7368617594,18238.0953511022
187895.4283294,187782.724883436,187833.441377767,187682.948998909,187752.666949496,188480.403984754
239430.380540889,238228.475078425,239797.007774966,238388.264452026,238438.331280315,238240.380666783
53308.3598053739,53317.94976884,53315.8205247875,53323.8537452309,53331.3203861156,53334.5206493608
64237.8445588613,64235.9175198765,64238.4885757912,64246.8411341838,64249.4110335282,64243.6278604486
45685.2907892203,45699.4492376579,45694.8820330569,45717.7635452482,45721.421149212,45720.0495477256
53816.3684437058,53799.6887484812,53789.4656400446,53764.1111122277,53795.9221192192,53791.0793562881
45141.1526976618,45494.1222690451,45510.5718791564,45083.8676920577,45002.1574992627,45001.7074776877
150670.801194183,150584.262490637,150738.614432663,150700.94138246,150555.656388863,150675.321273018
26203.3431409014,26202.2985080104,26178.1905066288,26199.6780161104,26202.0364850253,26197.8434359361
26168.4911817001,26188.6486845963,26154.038873147,26188.3867954905,26159.5307584327,26144.4072270654
82656.0101081562,82654.3570540762,82641.9593964343,82644.4387295962,82643.6122852089,82636.9998209308
202692.265731312,202653.765912919,202831.069391951,202932.484926647,201693.872954926,202768.192368932
51830.6893017138,51830.1710000038,51783.0008279001,51858.1344128251,51785.5900038332,51781.9651575268
131340.252762967,131111.887562984,131020.136766929,130504.645973135,130459.566237739,130449.133228573
24926.5669157841,24927.5639684902,24926.5669157841,24926.5669157841,24927.3147053137,24926.5669157841
14989.6370201938,14998.1924223972,14992.0227404484,14990.3865320253,14990.9853174395,14988.7383551333
291154.414231099,291195.155066986,291134.041193578,291314.750389996,291195.168164875,291282.695744951
144499.43109241,144542.844561081,144510.987897448,144492.206193105,144456.089931315,144450.311745499
44639.2683010005,44641.9492119692,44651.7750948114,44639.2683010005,44636.5900252507,44660.7081297409
278928.597177788,278917.440368605,278847.70696417,279015.065795998,279051.317894995,279006.695678828
105689.672968779,105670.483433953,105718.217807345,105664.302034288,105689.672968779,105633.622089456
333586.472413698,332978.565982372,332716.108389217,333284.214316808,335425.468033291,335942.513134888
81853.4991331939,81855.9552702955,81850.2243383023,81864.9603422539,81858.4109980681,81854.318118447
22404.0942701449,22402.0794419815,22406.1090535324,22406.5571712323,22406.5571712323,22406.3331123824
154425.429542932,154078.670630975,154067.883259469,154121.816264532,154131.064035896,154154.17606757
326755.179199621,323859.127782483,323707.764548361,325388.148061226,326005.028168002,327179.455644262
45729.6398750549,45731.4690972343,45715.4624427265,45731.4690972343,45710.4319445276,45727.8100125836
108304.1558814,108334.493461661,108309.575043823,107804.143632015,107803.065590579,107805.221673451
94774.8032110484,94760.5881277393,94751.1111212259,94757.7453385234,94761.5357241446,94751.1111212259
73741.8664634313,73810.515202835,73754.3992556615,73755.8743436466,73781.7347398969,73758.8581735989
70743.3346349587,70983.4125389313,71255.4859600117,71045.866011639,71135.340759812,71087.8082237036
172376.379830304,172768.34811816,172796.010346408,172782.265925991,172823.666178327,172806.378625443
168108.278609466,168029.85198869,168109.959658631,167686.420670172,167642.84030369,167698.151511986
177307.809324332,177185.766501666,177136.169295334,177368.096036252,177387.59349453,177334.403811323
112900.949550029,112906.591888456,112942.554717201,112776.884827813,112764.480633456,112767.863534046
26719.1837018816,26720.2525119821,26709.8325753353,26727.4659381747,26724.5270042918,26724.7942602521
27792.0302767559,27785.9189356931,27776.4745676796,27781.1968211296,27797.029969957,27777.8634330739
211691.320527695,211746.358831757,211629.935802163,211716.721877484,211761.174345452,211756.939164316
109559.21555092,109501.529413352,109561.406757144,109819.175504469,110546.777754976,110554.516969151
100265.302625715,100259.287068491,100292.376543727,100271.319386171,100260.289661362,100293.379437406
59502.0002073132,59478.8348925128,59499.0252263021,59489.4989769517,59498.4302300999,59488.3092226648
57567.8414640286,57570.7200000286,57560.3570401457,57514.874674507,57543.0854787214,57557.4790798529
177288.047526906,177604.655166383,177604.655166383,168748.250880276,168780.309386486,168790.430603274
147787.243652878,147827.136665553,147737.016258342,147840.432169723,147828.605408219,147840.432169723
126701.05704901,126689.651267283,126737.807604305,126512.662543936,126506.337100572,126494.955223116
101103.204110159,101147.701838064,101141.634715362,101210.483536746,101258.061038242,101219.594393526
93723.9338111249,93752.9941832737,93755.8068856073,93698.6688472229,93702.4168689373,93711.7449656092
272337.471309331,272348.374234779,272520.008060497,271976.047791882,271905.355335985,271962.45592283
57166.2332839123,57149.0834139271,57164.5183312128,57135.3647069728,57133.6506117496,57133.0792466753
44825.5132959478,44834.9276355164,44824.6167946468,44835.3759758259,44837.61606351,44836.272656445
169262.773854763,168684.502849924,168976.266467045,168019.842336129,167971.136181923,167959.378672691
187786.486705642,184981.86622412,187231.896893514,187107.502868242,187025.208709166,187103.760830446
53382.1053425374,53293.033963028,53289.8364769148,53358.0460500531,53359.6788777036,53359.6788777036
144854.456032557,144748.765993799,144741.525153165,144693.748809099,144692.301857142,144702.430520845
53031.7945255013,53038.6943949203,53067.8777214539,53071.5917990028,53070.5303459377,52945.2193697928
142345.098046651,142169.04260382,142201.756689058,142118.100922812,142235.894783284,142098.206434978
112684.731972468,112697.12854391,112689.239406821,112750.094503869,112666.699304929,112741.079973254
93551.018725762,93523.9363100487,93529.5437076446,93538.8545947543,93526.7419720247,93532.3029072713
106038.110377234,105956.550208222,105954.431013642,105950.192518522,105950.192518522,105934.29951281
106496.19341757,106475.961057561,106961.090753015,106506.841972057,106508.972108896,106227.727047815
157656.328991182,157819.665923354,156328.175758426,156224.32940743,156211.832679506,156238.387894405
264322.869682717,264304.367821913,264396.886642124,264359.877633742,264452.399890358,264481.876584078
195919.605081278,195993.982658393,195905.891394606,195966.540599452,195946.938064631,196056.710612996
39184.5640839219,39282.3585169128,39186.9241122666,39273.3254282086,39272.9326988816,39264.2928107796
100881.000890914,100852.750578585,100798.261924246,100871.920491032,100921.357326914,100812.373156835
201989.878388716,203783.385250638,219016.964498534,207116.394830021,207195.147181347,206832.047611902
43080.9661461872,42780.72918904,43073.6438722462,42852.0620378433,42830.9597719349,42850.776540257
56354.3945686065,56364.5324791541,56352.7064376873,56363.4088610167,56329.0478207801,56363.9688112826
184796.064779363,184777.585172885,184796.063855429,184775.737489417,184784.977569837,184801.608014553
79867.1526698489,79857.5735922657,79867.1526698489,79858.3721680016,79858.3721680016,79856.7750165298
72385.3005996983,72227.5228449008,72215.9615860718,72262.9247927754,72218.1280215907,72231.8565829463
106943.733195728,106933.20432641,106916.102880896,106871.207524422,106865.861398594,106865.861398594
245564.647117402,246912.642121914,258362.190046033,244644.175976591,244705.355619117,244499.76587439
79487.839316531,79448.9375328951,79454.4963374938,79448.9375328951,79448.9375328951,79472.7332958511
79437.5279585381,79444.6764623289,79436.7335832585,79432.7621834381,79437.5279585381,79431.9678875881
261866.027583532,262067.595674548,261716.669269116,262041.378428081,261949.838332273,261884.363050894
51853.76183002,51858.5870097154,51857.9230021852,51991.5190029306,51869.3569463598,51869.3569463598
102569.649978222,102550.161077728,102560.419171264,102561.444816481,102548.106504572,102549.135535096
42713.6266107054,42714.0537640577,42713.1983892562,42713.6266107054,42716.1895308189,42714.0537640577
32314.3729999065,32314.6961436365,32314.6961436365,32315.3424310965,32315.0192873665,32315.0192873665
61993.6879075228,61992.4480833576,61996.1680518324,61996.1680518324,61995.5480777524,61996.1680518324
111875.254398123,111883.086616957,111817.074902192,111892.037084877,111893.156005248,111911.055822279
29015.1384497429,29010.2073002966,29009.6278270108,29020.2026377746,29021.3634458801,29016.7191102491
214238.895340107,214388.907570514,214020.161502578,214324.616614626,214298.90023227,214373.908276203
145663.992755236,145639.234784363,145627.584111607,145655.255187569,145656.70962843,145643.603349746
97228.8608234878,97224.8126231244,97676.7540474154,97259.9834735325,97262.9013313938,97158.7391612829
130940.5902001,131258.072787021,130969.390478978,130927.497450355,131206.951272689,131008.897726964
125680.630768468,125614.040689874,125620.321705959,126141.220118098,126137.435995018,126128.604734548
100276.042669931,100259.001095807,100202.864375723,100260.002232275,100268.023353299,100271.028968071
84172.5315207975,84191.0548158786,84187.6873420596,84185.1617366954,84163.2701258428,84161.4690207339
23211.4923873363,23209.1728617655,23210.5639369254,23211.9566125418,23213.8119129072,23212.6512339183
18399.835137812,18399.2831372379,18395.9704712598,18400.5711385775,18399.835137812,18397.8108044402
86979.7916219236,86966.7460881994,86968.4854579086,86938.9172164747,86936.3060746673,86932.8287267448
32858.9028276574,32848.0547543013,32829.6695886207,32858.2456496009,32856.9295182194,32858.5742386291
83799.773826505,83711.0353075162,83835.679817794,83708.5240769062,83712.7091264255,83703.5011971478
170257.59566303,170211.624528821,170354.152223639,170301.860662934,170384.828923136,170391.644452604
24032.2047641516,23898.2961184728,24004.6434437512,23990.758937984,23999.8420349215,23976.8497798922
44663.7610188262,44672.2461687836,44665.5469619177,44670.9060416024,44670.9060416024,44667.3336195293
129953.473788295,129974.275964441,130053.576639809,131309.470757944,131313.410120854,131302.904759158
106200.214847304,106050.802607332,106057.1641285,106068.828454908,106093.218686767,106093.218686767
33873.225862002,33779.4226369765,33779.7604244472,33857.3100275179,33789.3251645631,33790.0009443086
81686.9858587569,81707.4151234055,81718.8564988218,81699.2427474179,81686.9858587569,81693.5210790345
88195.3655723942,88237.7117695142,88237.7117695142,88187.4252193426,88169.6530751963,88172.2982970497
28297.5752722124,28268.4324649603,28267.3017163542,28254.0029707936,28293.331088637,28264.5005630047
62421.0504155282,62432.308496487,62424.7942806272,62419.177858918,62411.0648198741,62414.1854355274
99343.6426943568,99329.7361339791,99337.6823142104,99282.0568673374,99345.6280971227,99363.5094362215
102161.578612488,102143.191183188,102300.549370449,102172.81547699,102176.902389609,102243.289488133
74890.2840588923,74057.6199429863,74055.3982588217,74079.0920028883,74075.3880853273,74075.3880853273
433480.265659946,433523.600686005,432432.50740046,435899.980839112,436013.321372957,437649.164351836
219392.403480844,219460.442100042,219743.859874038,220170.175803322,220512.599198359,219308.704881709
170657.478574905,170671.139368848,170630.154938105,170681.379842019,170701.873081848,170648.945700976
23648.4453877822,23649.1548411438,23634.0242333872,23656.9571259443,23654.1197853248,23638.9888465894
67643.0172538806,67643.0172538806,67638.9550724053,67581.5132984856,67499.8700060531,67499.1973419973
189833.18968013,189855.975663437,189859.775669253,189850.280211985,189863.573016661,189888.257863558
27161.6016011716,27162.1448440685,27162.9597084138,27164.0461127211,27164.0461127211,27164.0461127211
74472.6635612618,74472.6635612618,74473.4082730031,74475.642855099,74475.642855099,74475.642855099
165916.047357698,165982.433692541,166320.384435333,166267.17042613,166119.01132552,166250.540383079
175705.989566914,175786.825884829,175646.238600307,175942.766050251,175930.450426096,175970.908660422
176724.490112411,176667.954387981,176632.617263392,176350.590331908,176347.063461176,176387.614539926
288646.909116745,291338.173227597,289833.637144976,291055.282331927,293096.752248084,293323.834621459
206918.102038113,212382.123724234,214868.385041344,213362.937646727,212441.583201348,212473.345494562
15886.634711746,15885.5226806771,15881.0760810153,15886.3169885835,15886.1581270022,15881.3937088895
136966.168201082,137031.917413606,136989.454326296,136960.689499567,137005.892074616,136957.948368054
195775.439079083,195804.803730903,195749.989035504,195773.481383423,195874.992100408,195634.620524345
346168.745882735,366130.939765394,367423.453226985,356999.314916978,356628.768516297,356297.43057081
37831.1385330511,37824.33048631,37819.7925952726,37814.876181072,37808.0685881502,37812.2286367535
77375.6541886021,77408.7340609761,77380.2957685111,77410.282282104,77436.6120312998,77414.1528349236
91094.8027758655,91106.6417857299,91103.908613808,91136.8583539668,91139.5938999321,91138.6824766504
60518.6765867752,60516.255912332,60516.8610809428,60516.255912332,60517.4662495536,60516.8610809428
50250.7481883467,50223.6239154271,50220.1076087806,50255.7712539392,50246.2275599078,50261.2936425096
349200.00784235,349848.72657558,351677.124861377,348669.757921358,348209.156836176,350444.661174532
80653.8482812606,80650.6221595906,80652.2352204256,80711.9815235766,80661.9120533343,80727.3182772448
211914.071306938,211973.418565363,211981.897926073,212388.024827113,212516.651981854,212351.917524861
190413.140909705,190268.561983946,196343.420249591,190135.440551274,190152.556335204,190663.884681699
174741.029036302,174817.177650535,174544.24933563,174600.098468744,174621.043988108,174456.977210962
82482.2865883745,82479.8121940087,82457.4899333606,82481.4617902526,82481.4617902526,82470.7386722748
309403.782954004,309539.962957673,309527.581606781,309351.164069733,309394.489822271,309474.966436544
149055.331427419,148821.963497644,143707.394914716,145876.100870634,145817.834961773,146102.165450373
45975.1055531536,46013.7434777948,45933.2934552638,45970.0511173267,45970.0511173267,45964.5371372115
13356.1500158256,13353.3388389166,13350.402225604,13355.8828954964,13353.3388389166,13350.0017055269
209735.457638653,204592.312265861,209322.273552764,209372.525471598,209322.273552764,209399.746622025
10366.2537604018,10365.8393900641,10363.9739099968,10365.3211032775,10365.4247606348,10363.7666367368
33374.0917473802,33389.4432155253,33369.0858672274,33390.4616024043,33368.0847846405,33390.4616024043
163850.669372569,163837.561712249,163855.584089806,164058.802633874,163849.030915029,163776.940094035
319477.883818968,319637.919720596,331103.236127172,330147.727210692,330342.571865724,330526.853298359
148678.505750179,148682.969942308,148674.045573413,148671.072122237,148700.815259602,148699.328236579
57424.8230045395,57399.5592749251,57407.5972802106,57358.2774673859,57350.8205413828,57358.8510329536
144046.230316123,144169.961519891,145000.388802853,144102.430797329,144122.605886996,144129.809927735
94761.5883948205,94762.5360486106,94757.8023261251,94753.0645307647,94749.2777990431,94760.6407410304
340782.768977179,340284.899317728,340264.490932424,340605.428803116,340578.190243492,340867.982223262
285937.117586117,286527.329157765,286449.823583548,286192.121823027,285650.607448255,285684.894893264
146394.787620295,146525.208128013,146545.725936539,146588.227362575,146661.466520143,146343.547468006
214352.654446529,230314.817550202,229418.640211038,227509.962001353,227401.344899275,227496.306215295
59838.5255878069,59822.366558132,59819.3722675655,59797.2837956399,59782.3351922297,59787.7167325097
477229.264696436,478125.731999169,485849.744720817,486000.34512225,485363.408640015,486851.626811632
168604.413694774,168658.383399233,168638.144696813,168681.996315013,168634.771832733,168538.586513765
180794.933685033,183969.042482186,184130.638266189,179614.700053975,179704.516385635,179778.491150734
202932.957479914,202900.494942752,202803.100635615,203111.114485064,202896.436973432,204046.071238258
88588.5181996058,88589.4040670704,88586.1700129326,88584.398236379,88582.6288510065,88585.2841246558
142923.384703506,142821.171708023,142819.743482023,142459.927986701,142430.021015017,142444.264017118
156876.2975,156866.884294645,157084.082695494,159203.924582958,159126.025161415,159098.9768875
22070.9357994382,22067.4039728117,22065.8583184948,22069.8322967883,22067.8453297183,22063.6506288181
18889.2599876061,18938.9749021929,18924.048127978,18906.260321595,18906.6554569307,18908.3563639036
123914.279770004,123965.085095575,123960.126640924,123869.673008393,123857.282323886,123847.368636293
14237.1781007322,14237.3204767845,14232.3399902866,14237.6052288891,14237.6052288891,14233.6207486156
94249.9914545555,94249.9914545555,94251.8764732347,94255.6469818951,94253.761491914,94249.0489452158
56532.4595374679,56533.5788923676,56532.4595374679,56531.379750125,56531.9450808825,56531.379750125
15291.5798383153,15290.0503744387,15288.0622457614,15293.1093021919,15292.8034338885,15292.0385948856
136243.703369853,136041.106304231,136039.745852355,136000.265383696,135976.817907792,136314.783123818
211449.404678631,212895.042131566,212909.945380645,212926.97787821,212954.656831111,212895.042131566
43216.3454784377,43218.5063821478,43213.3211206417,43239.2465207741,43312.7018211492,43194.7416264689
196868.156623237,196925.260695423,196885.875643284,197019.684548256,196972.519686079,196942.983850735
80537.9042732824,80492.0300455838,80452.5925565505,80441.3263926709,80432.3451259077,80424.4016746635
41044.1701274016,41044.9910354314,41041.7094135318,41063.4908783599,41061.4377859397,41061.8484044237
238577.887033469,247769.68841014,250415.450684698,238876.645238636,239005.802458737,238879.033957314
93718.1615921393,93780.0842853172,93781.022114295,93791.3390771804,93798.8421779636,93801.6562276504
119654.26941401,119662.64238957,119644.699273661,119643.502826668,119636.324982141,119638.717038697
244724.708627977,244617.023001508,244600.033393297,244695.338530339,244692.891674828,244653.737826165
40521.5219148433,40517.0641745988,40517.0641745988,40520.7108197739,40516.6589918016,40516.2538090043
229610.985011116,228748.110996061,229479.053046107,229078.782965093,228946.711756207,229126.908278581
54563.3964906148,54578.670652084,54560.6683480717,54566.6690069719,54568.3060561536,54571.578299751
40610.9011769885,40611.713427502,40615.3700580778,40623.9018168861,40621.8700529964,40608.8688849248
144900.38239189,144791.736148874,144108.847901778,144044.225532218,144021.183985828,144029.825429696
428694.400472209,429519.15725646,427531.837078226,428827.296893796,422384.559144045,403797.228411494
174451.822178813,175702.211804735,175656.542298015,176168.63412785,178310.11731,178313.683655
127973.770630721,128059.526380588,127958.412677574,128056.965292504,127953.291397339,128104.306513103
30168.1655119883,30142.7896207197,30160.5718743545,30162.4328877266,30173.2945496779,30173.5962826234
39714.9084522398,39676.7408111462,39663.6526386289,39692.2797795139,39722.4510255531,39717.6867768575
63909.9622749839,63868.0836133836,64601.992690423,64476.0104739898,64500.2988181352,64479.6571872475
30967.1642840978,30967.783633577,30951.067852984,30968.4029830562,30973.355240572,30971.4985851136
183467.921105082,183513.879254669,183497.355515156,183385.386493475,183381.718712389,183372.547242193
109282.515102245,109274.865555674,109287.976660418,109281.422309878,109284.697955544,109280.32951751
32726.0360991738,32725.4993068988,32724.427802617,32726.0360991738,32725.7088355401,32724.1005714282
219463.557278795,219498.666445802,219531.484177882,219472.335996661,219614.939480083,219507.436826387
33124.4334251431,33130.0625630161,33100.2693412868,33129.4264971108,33127.7435513972,33119.1379249043
108890.885036492,108865.838608309,108869.104681449,108912.665391534,108913.754518188,108914.843644842
73167.7704343571,73135.6291075157,73152.4492564691,73136.3604564933,73153.1807517019,73357.9701669363
85034.2346197125,85024.0332318376,85042.7354929125,85035.9353044049,85037.6359890973,85045.2867749773
36665.3323071943,36671.9304760605,36665.3295945836,36665.3323071943,36665.6979964387,36664.9656648705
63053.5700467766,63049.1564734163,62899.6790246937,63025.6074789302,63023.086454631,62923.9372185602
143054.553410949,143071.721702799,143565.008047772,143086.028874969,143054.553410949,143055.983970789
165979.512606063,165908.163268593,166032.346652322,165823.531786838,165873.319501308,165803.58865765
125639.83072133,125587.083116597,125657.415726145,125628.528021997,125550.662498287,125648.620146824
196105.71426116,195913.526817435,197446.844433696,195756.572410986,196078.245572599,196835.695257972
35941.2551885635,35913.0454075372,35934.7870418826,35928.3191826686,35946.6446160861,35922.9289286789
65635.406484789,65638.6883535693,65636.0628585451,65636.0628585451,65638.6883535693,65636.7192323011
101451.104609298,101454.148203308,101479.513313065,101526.18845113,101470.382125181,101531.258266842
650334.141728915,672054.553408125,668277.445419056,651993.408391935,669874.940512802,673736.172856572
16896.9023628887,16894.0314820702,16895.3824709,16879.2462879041,16888.4581338218,16879.2462879041
58559.3225094801,58561.6649292289,58562.2505341661,58556.9786839983,58559.9081144173,58556.9786839983
62087.5916106921,62086.97075961,62075.1778165081,62123.0874866353,62128.0578430944,62136.1346956387
49217.0112089142,49228.330432523,49212.5821208142,49211.1057581142,49212.0899999142,49211.1057581142
134511.28657979,134480.363396322,134435.998226296,134530.103425054,134536.789731942,134574.471418293
144880.825782808,144899.659493449,144911.248221086,144888.070186317,144880.826507175,144880.826507175
415028.524230654,414719.162315988,415194.585458715,402750.672927461,403350.390720532,402180.942560848
213093.798615483,213025.603399949,213401.052376049,213072.48710447,213070.356336984,213494.9561932
159702.510639886,159705.704753981,159584.284984548,159689.737376981,159694.528069102,159649.81973285
54394.5697196154,54391.8500727189,54385.868643975,54395.677446526,54401.6643183754,54401.637103936
69585.5023894588,69591.0663499817,69563.2438346993,69547.2461179454,69543.7677818681,69537.5073611961
363481.211432472,363217.255186852,361743.409191361,363861.437037664,364267.210122341,364556.357019333
507554.438351383,511418.649660001,487825.472152291,488096.138157657,503957.156939589,494645.260191145
95747.5934053992,95755.2587887173,95733.2930381849,95747.6508310194,95748.6082979531,95735.2077806353
311762.635536641,313219.621872303,319417.185772832,312738.251332929,312434.88631565,312572.54429864
234826.276763734,234753.474394365,234606.230264758,234828.626318122,234205.853683816,233864.051279323
146498.628161183,142739.071903006,146617.275678324,146634.867142149,146311.167672749,146305.315226042
86897.6836840485,86904.6387847951,86900.2906406286,86858.5515163351,86861.1560396514,86834.2345263864
231386.59569025,231347.244692885,231241.869754908,231395.851154078,231388.909556207,231221.06016009
12514.638702159,12516.5159730537,12513.3872382888,12515.6398432194,12514.3883292897,12513.5899544608
55551.5533864888,55549.3314354509,55538.7824980383,55551.6393400304,55554.4170608834,55559.4191259081
127531.259140971,127561.875317893,127517.227002949,127532.534453562,127535.085078745,127536.360391337
33150.463491109,33171.1089293082,33151.4579950687,33173.7625715844,33171.1089293082,33162.8165335321
34138.4993364564,34134.403412843,34134.403412843,34135.1139607045,34135.0832360293,34134.0620858752
444440.469728618,443850.554526262,444830.529394381,443983.696378435,443340.716557974,444944.459366326
109032.636155943,109029.365242277,109091.523070956,109095.886906432,109095.886906432,109106.792133032
113925.241338993,114036.658405857,113975.08148369,114040.079574033,114033.237237682,113996.747969914
86622.9972198768,86535.5953685484,86558.0906786166,86522.6195277687,86488.878812007,86648.9763253111
78492.3946231814,78511.2381369755,78477.2795150073,78466.2969629179,78463.9457271292,78462.3765109833
158913.655306429,158954.984492764,158993.135978284,158997.905867761,158985.188864886,159034.469933554
22089.4165644899,22089.4165644899,22086.5454217858,22089.1959927764,22090.0792734952,22086.7663027017
24142.8076454464,24142.3127217495,24138.2107968301,24142.8076454464,24143.0490686944,24139.4168989958
74023.9532887125,74032.0974857914,74020.9904499835,73815.6117471467,73828.161072886,73816.3499254096
82593.2806542793,82577.5473540949,82556.0833832538,82405.6244225095,82389.9721731586,82361.9610983922
35866.2236354735,35841.8466340939,35823.1590266519,35837.9033641676,35869.4713048062,35865.1476702837
191625.268016034,190996.493326159,191328.461755845,192396.771450333,192377.529849028,192416.013051638
42655.1964843411,42578.5533633594,42649.6550947272,42570.8865319662,42573.0151188645,42571.3122493458
84376.2318766346,84372.8568948592,84371.1694039715,84377.0756220785,84380.4511945348,84384.670343669
19851.1208652292,19849.7320150117,19846.7552894356,19849.3350362506,19847.1522285108,19846.1598808228
145617.979865129,145534.934252648,145610.69394078,145680.614867516,145648.56868649,145663.13499999
130754.825747136,130689.448334263,130305.784854419,130646.537183352,130653.069836844,130467.73930338
67928.7539165659,68041.0705339371,68047.1941894621,68041.7509174271,68045.1528348771,68044.4723833488
15715.2011317247,15716.4583855329,15715.0439749987,15698.0577072006,15718.8147937657,15719.6007345054
31212.4862005655,31238.7634344534,31225.9581587312,31243.4488117233,31222.5227005547,31246.2597632336
21483.6629194125,21486.25333908,21489.6951975,21498.708155925,21498.0631946803,21498.2781817619
121035.073132055,121052.015041586,120785.994415059,121139.638398435,121127.52564587,121129.947518089
14091.6567249519,14096.8701180776,14099.9803052364,14099.6979558691,14101.8136439629,14101.1083487826
116962.230606295,116940.016878499,116937.678148324,116972.75243691,116962.230606295,116969.243289429
684159.731621646,660140.476473136,661589.14527796,655928.984512561,663361.928308943,657349.967515378
85251.3826732744,85240.3024482853,85235.1881835663,85672.0695019116,85664.3598037609,85666.9297602546
91709.2464201778,91690.9027365254,91759.0941190534,91829.7830851031,91813.2589568894,91839.8817448992
199850.838533107,199635.218803851,200008.487538054,199804.882091488,199748.935605572,199589.308073153
89209.1121695195,89088.7597782891,88983.1183978675,89466.0445932995,89471.4077630126,89467.8338962984
85510.4206971446,85731.3754636383,85735.6621610124,85848.1745650111,85750.2367606165,85740.8060263935
18574.0887633645,18574.4602339957,18565.360986235,18575.760046948,18575.760046948,18572.2317258957
40940.9669277732,40967.3214417095,40956.2574253232,40935.6457522863,40947.516983126,40950.3819953074
63738.3976469297,63703.3558636292,63712.2753528121,63722.4697373738,63739.0350309062,63744.6099738254
305324.292548401,300790.472731,300680.881290953,304603.778255251,301001.131391242,301095.490893719
15908.5931620345,15907.9568437607,15898.7329005265,15909.0698759346,15909.0698759346,15905.4123976314
15000.1722963279,14996.7235372003,14992.975068516,15000.7723152201,14997.0234866685,14994.1746264773
57800.789870338,57817.560583021,57618.7774578924,57794.4522893109,57781.7545442241,57781.7545442241
96531.126081974,96552.3691674901,96547.5401488732,96557.1968342251,96561.0597401171,96562.0253700271
172232.705348677,172142.904705286,172205.13977812,171816.821753074,172127.416851722,171768.732622268
69737.7074659378,70028.0038279937,70053.2174391765,69981.1347499344,69996.5280947615,69983.9340233172
134848.441807173,134899.688530641,134845.744838337,134870.019176205,134887.551496569,134864.625238533
145318.364967554,145391.05322534,145293.590321542,145250.019672705,145049.489143283,145367.792575782
156873.09835869,156793.195734576,156775.951759366,156790.059839303,156746.167181566,156838.655869659
91099.0090008763,91097.1870024763,91099.9200000763,91096.2760032763,91101.7419984763,91099.9200000763
11314.9497296515,11316.8720723202,11311.4438255574,11314.6272785881,11315.1930269245,11311.1044788492
92269.0518514703,92256.1444200589,92138.7366979496,92221.1010840626,92219.2567173719,92059.1116738358
12385.7865765692,12385.9104356736,12384.5300121707,12386.7780318331,12387.025774826,12385.3963932339
124637.110998194,123461.269375413,124640.850036743,124770.727181766,124684.669441268,124775.718060762
28947.8837497045,28950.2003796079,28949.3311728405,28947.5942650773,28949.3311728405,28948.7522035861
118334.965771103,118349.702832366,118410.085511416,118479.193999193,118114.415152779,117216.635480562
378926.515580805,383834.373472419,357528.921305701,373046.739297438,373255.713311848,377489.311478507
83293.8021757607,83292.9671965388,83212.1726669671,83304.6324111437,83305.465474129,83326.2943815729
25500.4447500901,25500.4447500901,25500.1897507426,25500.4447500901,25500.1897507426,25499.9347513951
136561.84830285,136456.391314063,136579.601711843,136665.877286331,136652.207964738,136674.077484975
31091.9938087576,31080.808905963,31067.1376130476,31078.0125249116,31094.4789249856,31089.5085682474
117040.107285107,117023.715793421,116859.770203587,117505.917478386,117547.053658078,117510.617950108
80802.3445964404,80809.6199923294,80820.1291310155,80831.4452100191,80840.3367498236,80846.8030229461
20930.1913727749,20929.5634733127,20928.5169114191,20929.7727731335,20925.7960765396,20924.7497867358
74997.4779144597,74995.2280351199,74984.7233469067,74969.0217028844,75019.2337247972,75009.481471974
328312.543191945,334986.123483677,328086.264292591,329224.033324087,328568.208556509,329001.419032461
32817.2660413713,32804.4724381839,32803.8161650246,32818.5787845227,32816.9378555835,32817.2660413713
236311.27759198,236391.713786637,236204.943424254,236706.243633311,236635.335813544,236732.286362958
99572.6418704728,99603.5096782105,99642.0414796946,99583.5949506931,99596.5400612663,99601.5176478575
122277.239351892,122260.126699348,122239.344727167,122261.349276163,122257.681545717,122250.346818297
172037.742965569,172090.990925156,172056.662146903,172125.42289613,172125.42289613,172120.259133443
28250.0587724429,28365.2709703122,28233.1121265087,28342.6285758608,28344.5689139095,28258.53209541
83572.070073707,83599.644595508,83590.4529211303,83577.0823925828,83586.273482073,83572.9057944077
33818.9842182001,33837.9159929644,33861.6218450381,33849.425712683,33848.7487444778,33864.3320552691
149697.940490042,149594.689702466,149605.165595418,149717.93287954,149753.878483682,149690.455892402
45338.8036462448,45350.5899218537,45343.7893959988,45335.6300886674,45340.6166090655,45335.6300886674
153872.523089041,153887.907264514,153794.06425565,153654.710401751,154473.192804071,153640.878265785
80040.2084487279,80056.2244984425,80087.4557313231,80043.4136766528,80030.5998118744,80087.4557313231
159833.05201706,159857.026175777,159996.405239902,159815.472139326,159849.033724091,159817.070310029
103143.410557213,103123.817227873,103134.129609596,103134.129609596,103147.536293635,103147.536293635
125608.449478995,125647.407388867,125571.97872922,125607.186545104,125569.469198014,125594.580580715
291059.73296672,292880.983843049,295434.815580716,293457.437990087,291209.811316776,293530.84213293
160754.736794444,160432.570235677,160638.621933169,159631.99885636,159989.336934615,159866.584800669
540160.916895404,531013.888074722,528160.320721397,545519.656150319,533885.226239856,534598.951314638
16472.7796097852,16473.6032817126,16463.3928129538,16477.2513018881,16475.9091513968,16473.6032817126
94514.1898379085,94511.3544972736,94549.1628199048,94527.4227508294,94524.5874101945,94546.3263450202
178975.309111477,178680.343389472,173607.9416094,179176.950290314,179075.30955101,179313.182920943
24653.1610269597,24654.3936726846,24639.1141885962,24660.060811923,24658.3362661318,24659.3210027005
187936.200047126,188271.113214271,187973.77977119,191169.685784083,190976.797328131,191062.646281374
34297.5444935309,34298.2304581401,34299.3554625376,34299.0399239933,34298.6969404538,34296.9820227559
54480.7200271951,54464.9188421302,54474.7266358256,54294.1669300601,54284.3980721505,54291.995228534
156416.03114467,156344.076579488,156405.081506322,156589.381193185,156612.865138076,156631.6543607
125523.127732715,125511.834290299,125568.51273695,126163.350888712,125434.033542375,125407.380832361
20970.0892970348,20969.8795940448,20968.6213341642,20970.2990000248,20970.0892970348,20968.4116521445
425127.004964433,428259.644986543,428028.457902985,429763.983511807,429425.611296649,430547.876865328
63060.53182965,63061.1624412744,63046.6537055195,63063.0542761476,63062.4236645232,63055.4843501124
202973.740049857,203071.094559714,203036.570117452,203188.8978119,203014.221166662,203026.4116881
157329.094476643,157398.330387896,157415.639719767,157333.814302279,157322.801375795,157347.977398444
45168.2007534203,45170.4231525709,45157.39483052,45098.3019480954,45099.6546446084,45096.4980520954
109385.335152533,109411.589208317,109345.955381557,109299.116868051,109253.218232602,109289.282078448
156676.512546121,156640.48723879,156673.378984534,156786.153212703,156676.512546121,156703.137168692
10109.8916352306,10110.0938310413,10104.9736820366,10111.0039346496,10110.9028266324,10105.7817627324
47600.3937571913,47602.7712315715,47611.2004736347,47605.6560297935,47602.7712315715,47608.5141598183
55944.9171299492,55945.4765903097,55936.6097846743,55861.1784251247,55860.0611792113,55858.3857013381
193760.705795411,193580.685956489,193789.764282837,193528.429099979,193845.94523928,193443.272100786
93565.0170893126,93542.5599694124,93536.9475841858,93536.012186648,93523.8458431807,93523.8458431807
120148.369892325,120174.817537186,120228.917965426,120131.629625831,120130.42833356,120183.229942662
136745.718042852,136771.696762206,136749.818377134,136789.473308987,136755.288588678,136777.162871911
27374.9708701802,27377.4326752952,27375.2446198889,27376.3396187237,27375.5183695976,27373.6038997652
116680.794052541,116793.154216094,116794.322147636,116838.88795283,116808.334173673,116817.674006508
102778.026770062,102772.887920112,102729.719524992,102747.193362031,102793.442497696,102742.056053736
49998.5549806168,49996.0550778668,49998.0550000668,49998.0550000668,49996.0550778668,49998.0550000668
28461.1144690753,28460.2643813795,28439.7834368697,28452.013050055,28451.7285213887,28447.4628098295
99063.0145558845,99118.4993559875,99065.9864463212,98773.3340325951,98772.3462696218,98764.4433755467
58701.7230765013,58701.1347263898,58715.8144726952,58715.8144726952,58715.2269446297,58719.3375272552
31745.0642586897,31759.0313124552,31732.6848231636,31760.9352037246,31756.8082914144,31758.3961635864
26432.1006094282,26431.8362831355,26432.893588306,26433.1579145986,26433.1579145986,26433.1579145986
71075.4871709836,71065.5386777706,71067.6703454676,71097.338702937,71098.7606639306,71098.7606639306
113827.37019431,113828.510232612,113835.340216425,113823.955543936,113850.140222354,113847.863333394
57043.6491521889,57056.1989603554,57064.1839988376,57086.3044251204,57096.5816956782,57094.2979465978
461909.841875057,462449.036794727,456322.913606773,462296.504878543,462102.837866374,462449.036794727
39627.4895469192,39626.6956176321,39631.0561636431,39626.299366526,39626.696965425,39629.8672914018
63717.4806250144,63717.4806250144,63718.1178125644,63718.1178125644,63718.1178125644,63717.4806250144
62325.48919389,62301.1580314355,62320.465996779,62347.3120000362,62336.089234487,62348.5589462762
223156.171735318,222997.779219151,222906.493550759,222913.181013064,222801.746709419,223006.699397926
122463.778740806,122457.655184463,122483.373974142,122532.796401654,122532.796401654,122636.999113162
256722.439516389,256760.944160626,256758.376653885,256689.071425678,256558.162462795,256619.771074272
204699.266208579,202719.100622102,202997.843938641,202660.335832106,202809.851114742,202773.336294465
206522.18922012,206394.160413472,206437.524249895,206441.652959093,206569.679081274,206410.681858181
96464.068242719,96462.138999939,96464.068242719,96409.0819296248,96417.7644867562,96418.6803923545
92383.5635958358,92369.7052760126,92364.1632045375,92390.0306392988,92389.106775947,92381.7154072004
546246.063421589,545160.087152361,546696.137535648,550934.625455812,547140.547884363,544606.206893609
34589.2767206584,34590.314419714,34593.7731052874,34608.2999928165,34633.5455856193,34601.036479879
141879.883143642,141854.338463974,141936.646449561,141966.447724409,141885.560495953,142076.311596471
208772.090224096,208836.816504001,208734.506320318,212395.917044427,212228.292404373,212332.198269314
57188.4285940439,57184.9976771716,57187.2850313316,57187.2850313316,57184.4258386316,57186.1413542516
23135.3412939303,23135.8040238926,23134.1842376362,23135.3412939303,23134.646921321,23133.4902121091
71982.8237693275,71979.9445139619,71976.3445089032,71982.1039554861,71983.5435831689,71983.5435831689
62276.1945186052,62273.0807711542,62261.8763848347,62253.1611912246,62256.8965676649,62253.7837539646
151845.249474993,151831.590899973,151845.249474993,151883.455969779,151894.09195935,151894.09195935
225294.016865076,225321.054895962,225282.748897121,225294.016865076,225366.119106942,225345.840414788
14453.9517623546,14454.2408356084,14453.2290792201,14453.9517623546,14454.2408356084,14453.0845425932
116678.915809484,116704.59324755,116744.2743965,116591.619381162,116595.117164721,116586.955086786
82201.2215731099,82204.5097535,82207.2718941725,82211.3836144425,82212.2057447213,82213.027875
144661.259430839,144717.765857939,144726.452919244,144646.799089033,144625.109660904,144591.849645558
82058.512215069,82082.3212440385,82122.5493644036,82074.9321274682,82055.2298417567,82126.6556150593
96665.7053523259,95777.5160270304,95732.5040612556,96105.8811942556,96125.6435994756,96126.6048943634
81580.4484759673,81588.6081527502,81590.2398759616,81570.6574023502,81561.6822719332,81562.4978887559
47707.1894021401,47708.6206607599,47708.10063293,47706.234514026,47708.10063293,47686.6522691984
260870.911181777,259539.310330828,260803.104147882,259238.29315261,258750.342075642,260779.634267658
131966.967631615,131959.049851091,131932.655401675,132105.408562975,132078.987481262,132059.169159924
27850.8162228541,27848.5882243962,27848.8667242035,27843.5748379273,27845.5239466392,27844.6886143341
35772.7544469456,35772.3966979362,35769.9219235118,35771.7104911507,35770.9950640951,35771.7104911507
109894.642061721,109892.443553451,109891.344683959,109891.344683959,109913.325150943,109903.433347351
139774.819734151,139773.421999931,139977.482809646,139811.15956591,139809.76141237,139806.968739398
119697.280149175,118450.520334776,118372.18967706,119658.782543467,119657.777712315,119656.389439609
279010.800345228,306952.985579733,297607.145487975,289158.043679434,295746.611819894,292005.884763948
107825.831082983,107706.189381262,107665.27687733,107659.894367076,107494.843461519,107498.068435822
10610.4232916627,10610.5293990788,10609.5746551146,10610.3171842465,10609.8929455371,10609.3624614995
152082.667706856,151795.558210475,151816.826356755,152181.332542485,152143.285078769,152129.587419617
153550.915114844,152398.275060928,153659.917228097,152053.411411973,152038.210631066,152021.489680867
86091.3025912508,86089.5808340692,86057.6955988725,86088.7199554785,86108.5277418292,86113.6957692877
41115.6924836973,41112.8159305633,41114.0493027075,41176.1800684096,41177.8271979688,41177.8271979688
156990.318505291,156990.318505291,157892.873073043,165762.82737837,165684.534395768,165697.787170504
84244.7914534879,84238.0542620135,84224.5788684103,84210.2615153705,84206.8919089788,84015.4483156308
39067.899308366,39099.5696587139,39098.0055117044,39067.5086137452,39068.6806976078,39067.1179191243
64492.1960824719,64494.1311321466,64494.1308096598,64496.0660528266,64495.4210792666,64494.1311321466
341439.989739516,341511.692888544,341903.900492398,341900.481521773,341313.653050818,341474.13373849
98934.5554804176,98946.4264399199,98965.2220763339,98946.4264399199,98952.3634036153,98956.3191040311
221495.778890961,221471.737445514,221356.629695917,221948.991010283,222124.392123046,222115.507591588
542844.126386818,540877.77502057,542545.630773087,544815.394912175,543791.865474033,545155.273189298
91162.1293870901,91132.8220552514,91118.2474355554,91092.7392092392,91307.2381485476,91026.9465864216
76911.4779303907,76930.7116084321,76956.8690966785,76904.5535047154,76991.777806895,76973.025577029
28542.6687224559,28542.1222637566,28541.8368568043,28571.822849108,28539.8390081382,28571.2514069366
62762.7336014277,62799.7698598962,62796.002024418,62762.7326598454,62750.6375148432,62756.4551310737
81099.7223787792,81100.5333516738,81096.4784872008,81104.5889460954,81102.9668380954,81101.3447300954
53231.8284604627,53238.7493221885,53232.3607893939,53241.9434554902,53249.3970720529,53244.6056325283
180573.855500384,180859.740914588,180640.665930989,181099.468370975,180501.625958183,180959.252129757
93901.8741892027,93961.0565781327,93820.824187423,93191.2945658189,93318.1600635737,93265.9222291349
28572.2391414295,28568.8105470181,28567.0960069557,28572.2391414295,28568.8105470181,28567.0960069557
118893.728408472,118846.550689437,118725.448357603,118724.261103119,118685.086691132,118586.561426679
58323.2374946877,58323.2374946877,58317.9877441987,58336.652486785,58311.5716806074,58325.5707624929
405893.504820641,407056.523459096,390353.569941264,388436.59891488,389141.943231049,386392.022268045
401508.945045741,398920.108653216,397513.782013072,396987.034684239,402889.214917359,402200.753068154
146733.496831099,146598.531061437,146534.001479144,146777.508077899,146770.175804182,147673.469377788
46867.5758327669,46875.549647501,46871.7971647813,46871.7971647813,46871.3284561838,46871.3284561838
288376.015098429,295498.383508954,310285.814950767,308267.646579327,308962.771932769,307855.955688685
21970.7340051179,21967.6596089496,21956.6785245261,21968.3181226203,21967.8787474704,21964.8043513022
60697.617187734,60683.8619428871,60664.4489673673,60464.8317532236,60552.5480751532,60457.5742557059
34974.9521300886,34911.7744412281,34981.2481601374,34832.5443390119,34833.589325792,34828.3637996141
26820.1207655491,26820.6571626004,26816.9029463453,26820.6571626004,26820.9246639493,26818.2438049012
42330.5392013705,43653.6973114542,42320.3497646462,42330.5392013705,42329.6545069848,42319.5033407225
171865.212281946,171789.360585862,171849.479133091,171892.723370187,171920.231707593,171923.670249769
43842.090425484,43712.7563111862,43707.0775326603,43842.3355996138,43718.8741572382,43706.2034173331
36462.8851888217,36491.3555846866,36491.7205055408,36496.8298719451,36496.4649145951,36497.5597866451
366500.057711439,365245.816519393,365741.445707101,365810.957837737,366624.694417637,366701.678931542
153938.419526567,153745.193011934,153720.604969254,153646.832849501,153398.132613958,153444.147452259
54935.9480048545,54932.6511227392,54940.8927236594,54931.5524916894,54938.1454867243,54940.3432982494
83632.4343309467,83643.3077100191,83637.4524275495,83660.8729719248,83655.0181076717,83660.0363715611
11789.9903814132,11790.3440952732,11776.3158035857,11791.0514640409,11789.4008465227,11773.3525074787
101241.040992668,101254.202692472,101205.604704702,101168.518879863,101173.577457565,101141.211662985
419143.673250298,416462.386541017,420822.791962857,422776.623972895,421266.796611376,416514.650118718
19781.2146911023,19781.7798934149,19778.6441929402,19802.7122209806,19803.7023664931,19807.4666231724
27534.6946930775,27545.9829267518,27544.881098453,27543.22970507,27546.2583838265,27546.8092979759
202881.532438332,195323.596146171,195647.434397659,199257.893057784,199323.66795474,199409.379404205
20383.5968984841,20384.0045581922,20380.5303146904,20383.8007283382,20383.8007283382,20380.3265053111
118137.080466771,118174.827194013,118131.176624353,118150.001270791,118145.346129605,118128.814095321
39741.2621639162,39729.7394507692,39729.3421692659,39720.2039000488,39730.5342521684,39724.1771124025
30928.6107522144,30926.6684579014,30925.8246700235,30928.3014661069,30926.1339251776,30926.1339251776
140877.496251891,140914.135449026,141035.300438728,140885.952621936,140869.043686641,141040.944079517
238742.540448128,238618.778151998,239466.920694767,238563.911720279,238713.887236017,238992.759560302
64286.4272233742,64278.7168483318,64279.3596419282,64305.8239025235,64310.325779676,64302.608643481
146986.073784563,146964.039242591,147084.384657938,147035.852767268,147352.915030698,147032.912109026
242064.631443454,242433.870105413,244083.09968277,240242.34098634,240055.016613874,238849.9587036
452553.796817004,455734.252855826,454688.588129073,464019.897270195,464462.557341089,471154.190752213
30739.3488047985,30741.1932210593,30736.5828565581,30749.7987450978,30743.9592922362,30742.1146915707
618194.166261064,613128.989368757,617662.77582375,604981.291544523,615325.752111253,604434.336133956
51775.8001881669,51786.1532775867,51783.0462016023,51762.8589040381,51762.8589040381,51760.7881412152
13985.0710444082,13988.8486184775,13980.8706258713,13987.7197833813,13990.5279631616,13988.9888763604
90989.9773895638,91052.745188274,90941.7545301731,90966.3217422568,91043.638092336,90945.3964220666
23452.4341908297,23451.9651515267,23447.4998456713,23452.4341908297,23452.4341908297,23447.7413575749
34999.2763471086,35014.6243918786,35028.635846217,35008.7248393991,34999.2763471086,34907.2401312481
251686.857532471,251649.108656247,251505.815128683,251971.036896779,251842.570611018,252187.206555062
42503.7546669135,42503.7546669135,42500.3534227707,42499.5034412017,42499.0784504172,42496.5270603079
36565.2513866274,36565.617028172,36566.3492622145,36565.2513866274,36565.2513866274,36565.2513866274
47336.8816553598,47101.6116938652,47350.6148869361,47177.155668859,47308.5626835717,47175.2686015029
251052.877413929,250795.306955824,251062.919830298,250820.381471616,250867.146923886,250985.113692098
270960.436881571,270476.375581918,270676.487113227,270635.890105863,271260.686775367,271122.385830795
83523.645920342,83510.2776741189,83509.5031394299,83510.3361138222,83506.9979545431,83508.668077801
35950.2353667091,35951.312644677,35955.6254581643,35963.5322529427,35963.1726212165,35954.906338464
27130.9777020353,27130.1642202901,27118.7708642827,27122.8396293542,27123.9250041076,27124.738729995
116110.079965374,116137.94457332,116113.56278013,116110.079965374,116169.713392047,116143.751586689
70046.4119407924,70053.4158815924,70029.60276303,70057.6174055995,70056.9185523865,70023.99961039
275617.206813232,275636.500789468,275531.673814795,275531.669682439,275553.713318196,275509.632382961
79047.0210977128,79035.1649139721,79033.5842580935,79045.4401256714,79035.9552419114,79033.5842580935
149840.627537991,149816.651298964,149933.018859667,149631.58569181,149683.75082542,149722.675727
214834.829578947,216572.190260905,214644.247914368,213954.521097799,214685.029956588,215522.661290614
227691.27747959,227754.674891992,227586.557703609,227704.933492741,227772.906112564,227750.119707391
20286.003433886,20289.2497828441,20288.6411114374,20286.4091742417,20287.220654953,20286.8149145974
67163.0162393574,67201.2094155421,67192.4697227916,67161.0013690189,67151.6007895379,67146.2288763513
33096.2338909225,33101.28016172,33103.9298736514,33120.8196635962,33099.6251473623,33141.4093826081
139949.582423636,139957.980406314,139957.980406314,139949.582423636,139945.384062114,139943.984608273
277255.832989905,277358.314551844,283335.636913351,278142.253477944,278178.423935799,277233.663054775
31517.9373265821,31535.389219211,31522.6652062925,31529.2843891762,31538.8597148269,31529.2843891762
614272.503992548,614272.503992548,614272.503992548,614272.503992548,614272.503992548,614272.503992548
108846.931279813,108748.5215207,108765.318116124,109370.386395585,109095.106354481,109362.730774762
133671.457436646,133724.942065009,133658.086279555,133666.110578349,133704.884660815,133642.042228162
67850.2927390064,67840.7947292419,67838.0810703161,67846.9003261419,67865.2186771958,67861.1469676606
152906.255539226,151392.414009851,151372.64171641,152964.463545286,152958.345211478,152981.293552928
106084.269836339,106102.307737966,106093.819426019,106117.162655246,106097.002304259,106093.819426019
143310.215633592,143364.750686608,143298.754971127,143328.899674386,143257.206541559,143284.427961031
101814.367890677,102005.963170437,101831.674348594,101871.453541712,101816.404279854,101874.509654757
15113.317240719,15113.317240719,15110.899539095,15106.5177892035,15113.1661135917,15106.366722515
547841.332105109,547556.487260576,546962.12919798,547319.758061532,554362.077629832,547412.788684183
142077.892886916,142168.911483714,142114.831434132,142168.911483714,142217.268597656,142238.602041266
20524.9701777117,20524.9701777117,20515.3251798474,20526.4064598023,20526.2011916323,20521.0712111188
35675.2860826318,35673.1465070149,35672.7897862515,35689.9088164026,35673.1465070149,35688.1266391831
157114.311464779,157089.175248634,157073.464760059,156843.34441777,156832.365713022,156826.096557617
11348.5498149955,11348.0955914987,11347.3012565807,11348.3228394597,11347.9821150819,11347.3012565807
68068.1905049824,68112.271201435,67998.2171580543,68043.6822258524,68075.6787751861,68034.2617085717
111773.995827301,111794.112956552,111712.537058232,111781.820241741,111788.523530375,111709.185749146
247686.649086051,247411.243112654,247820.429704026,247800.604664401,247676.735327545,247875.308547395
26740.2559104214,26741.3255527471,26738.3845710657,26739.4541064485,26739.7210892586,26737.8498033743
33758.0734201417,33766.1769919802,33763.1379921562,33703.2944951124,33720.2340271669,33710.7891437521
11878.8392927866,11875.0388480595,11875.5138591137,11878.7205043937,11875.8701767866,11873.1385188078
353483.775978684,352751.391460653,353242.984598843,352121.251989673,352860.798354683,357736.982081433
125570.564003841,125571.819671811,125561.774328051,125589.398521124,125586.886682917,125583.121060241
92958.0950030914,92924.6375054413,92927.4253282011,92905.0008179797,92904.0717308081,92906.9798076414
203545.343696213,203624.74993751,203614.57012526,203616.6062506,203518.868162029,203535.1596081
76592.0728513039,76586.7097131623,76760.762486987,76592.8387950108,76582.8776963374,76572.0384577971
169678.819942013,169846.970157906,169660.148685628,169745.021196227,169598.844841834,169712.769285738
170774.228295242,170828.793348664,171214.632615304,170772.520587113,170782.761202139,171163.263088567
314726.118647386,315955.98854191,315832.789714232,315962.307661681,315129.868320398,314581.39031729
148611.114773423,148532.371696682,148276.485842239,148944.395125622,148968.022133656,149113.718143996
94679.6266634743,94744.926501611,94741.1714506748,94679.6266634743,94673.9456586343,94674.8923980909
98964.0106677739,98998.6557427898,98937.2837034197,98955.1018776334,98976.8784142566,98945.2033979017
153283.737050541,152116.775010519,153273.005288023,153263.808999668,153259.207482844,153251.544675726
222876.207765621,223068.752853775,223006.285571698,223330.466801525,223596.730738672,223547.553674386
245057.54188358,245047.739973981,244946.922993077,244873.460954791,244981.209293576,244983.659032177
58175.8478802416,58153.7429427496,58180.5012267585,58158.3968709785,58135.511846335,58155.4875550379
270096.795173807,271742.38546746,279170.49192439,270953.432193092,271209.204818955,271774.992488704
183024.873754107,182997.425604187,183123.63772144,183057.810143286,183039.511681656,183019.382952986
14217.7010030488,14219.5502628313,14218.1275255484,14220.8300863461,14219.6924654441,14218.2702117468
501785.096344583,464658.060262915,501555.596746256,483029.197994728,501520.50625417,496789.479671782
13343.2415363728,13342.72652179,13341.7743279921,13343.908104916,13343.7947062479,13342.5743809675
255230.112305361,255505.0937298,255005.620061839,255262.490685474,254843.028621771,254664.944813377
33152.7209472543,33164.9844045643,33144.1028308204,33172.2768762056,33172.2768762056,33170.9524578184
135974.520311923,135960.924219501,135932.372751708,135988.116404345,135967.721857846,135986.756577574
92012.1028696271,92043.3965567423,92051.6803611837,92026.8283955937,91993.2347280963,92196.1238473721
132271.574202263,132415.895015154,132262.321564443,132688.363126364,132120.68267977,132676.74658239
270359.23339892,290569.609246378,290569.609246378,275221.323185809,275215.818814389,275193.80105349
42285.8977263815,42284.206341214,42282.9405066616,42287.6198637937,42289.3114193349,42278.3131360159
391586.847899837,391594.681673201,391392.050076668,391176.873259487,391145.574493263,392418.69035356
138580.352622866,138591.44013211,138592.82608809,138602.52777995,138587.281709788,138591.44013211
125503.683596156,125467.275852568,125466.021192356,125429.600517883,125459.697677269,125711.773913022
57291.2087132735,57253.5518318341,57254.1243730778,57271.1543547816,57259.8486406616,57259.8486406616
128521.420233622,128588.878038487,128594.023548532,131069.378309774,131110.016057276,131121.816548745
102657.067182711,102612.782576442,102602.523350029,102634.327331487,102641.661639763,102648.851413444
37332.9449264429,37334.45524898,37330.7049945459,37333.7065128565,37328.4665553398,37328.8398400054
81459.8494979246,81485.11252303,81450.7634171911,81494.8909647002,81474.5185457322,81498.150825536
52556.0308222738,52531.8648406176,52554.9797437005,52589.7077348365,52584.9751449175,52589.181827241
185990.405297051,186142.550943938,185927.18685519,185684.022045931,186033.173273041,186029.452572368
186377.616287858,186575.367977874,186539.933279637,186526.878822726,186448.546486015,186437.35338122
33697.2756058353,33698.2865038855,33693.9048670531,33689.8603310643,33686.9139007955,33683.5465563431
134769.788788256,134699.487565599,134772.484884888,135025.823082468,134729.353808122,135055.534057642
86083.8425229861,86074.3750732763,86087.2860144267,86080.4005808069,86073.5148029067,86058.0163371818
106283.327131523,106269.50855558,106256.753216863,106239.742909498,106268.445849868,106282.264319508
101122.466153888,102826.462728999,102857.473401889,102003.24187135,102001.201765711,101994.063537655
46262.5624353604,46260.24939976,46266.2643102602,46265.3390034801,46265.3390034801,46266.2643102602
170775.627915392,170674.910257508,170697.10192215,170623.697541888,170702.223705839,170715.880430005
105550.79203857,105560.295749094,105563.462526298,105507.584151613,105531.847277769,105527.626172722
38677.6676901958,38638.3329108808,38673.4131776927,38622.9315634111,38667.6110633978,38625.1950430697
54964.8670458841,54963.218132851,54961.5692198179,55001.134669885,54997.8393716465,54996.7394368578
90043.3509904386,90048.7515389493,90043.3509904386,90039.7493644478,90040.6497709455,90038.8489579501
127146.373010926,127198.528974696,127246.868511916,127145.101547196,127119.443551216,127349.921696724
25377.546589776,25386.1775956759,25379.3231068631,25395.8241349935,25391.76266137,25386.6853243051
19906.5785243868,19906.3794526294,19903.1962942338,19903.7933901226,19905.9822243871,19901.4055835869
13167.0283590733,13168.082235057,13166.8966953729,13166.6333679721,13167.1604969527,13166.3700405713
22572.7843883918,22574.840970198,22575.743999958,22585.2124473266,22584.7607521116,22585.8912330568
110426.173450283,110454.925637648,110451.61205615,110425.069144376,110398.5720959,110393.052222494
191711.019591316,192271.975176177,182580.097564549,189495.042957846,189440.111500614,189316.137078934
50404.6892509661,50401.160267392,50404.1852040736,50409.2261266863,50406.2013916436,50397.6322920126
49188.1874745152,49189.1712481024,49185.2404293206,49188.2317483511,49189.2155228239,49186.2241046189
53127.7202170987,53128.2514677383,53127.7202170987,53131.9613653867,53131.9613653867,53131.4300617122
129644.745517853,129644.745517853,129599.450429554,129554.100404699,130042.601225012,129587.788927954
170910.211118079,171019.561263239,171094.559914069,171282.446352526,171210.94981266,171123.658757994
176968.470095062,176743.953837114,176975.549046234,176652.039910654,177067.330574698,177033.941900363
99390.074798609,99388.0870567453,99406.9646430134,99397.0289144134,99400.0108252808,99407.9587126598
35746.6756025127,35746.6756025127,35737.7407205885,35767.4039567445,35767.4039567445,35764.5453663612
